{
  "availableToAllPages": true,
  "config": {
    "catalogId": "cloudCatalog",
    "fields": "",
    "maxNoOfElements": "10",
    "rootCategoryId": "rootCategory"
  },
  "global": false,
  "globalEnabled": true,
  "i18nresources": "megaMenu",
  "imports": ["category"],
  "javascript": "megaMenu",
  "jsEditable": false,
  "minWidth": 1,
  "source": 100,
  "translations": [
    {
      "language": "th",
      "name": "การนาวิเกตในคอลเลคชัน"
    },
    {
      "language": "pt_BR",
      "name": "Navegação da coleção"
    },
    {
      "language": "zh_CN",
      "name": "集合导航"
    },
    {
      "language": "uk",
      "name": "Навігація колекцією"
    },
    {
      "language": "bg",
      "name": "Навигация в колекцията"
    },
    {
      "language": "et",
      "name": "Kogumis navigeerimine"
    },
    {
      "language": "lv",
      "name": "Kolekcijas navigācija"
    },
    {
      "language": "no",
      "name": "Samlingsnavigering"
    },
    {
      "language": "lt",
      "name": "Rinkinio naršymas"
    },
    {
      "language": "fr_CA",
      "name": "Navigation dans la collection"
    },
    {
      "language": "ro",
      "name": "Navigare colecţie"
    },
    {
      "language": "ja",
      "name": "コレクション・ナビゲーション"
    },
    {
      "language": "sl",
      "name": "Krmarjenje po zbirkah"
    },
    {
      "language": "ru",
      "name": "Навигация по коллекции"
    },
    {
      "language": "hr",
      "name": "Navigacija kolekcijom"
    },
    {
      "language": "tr",
      "name": "Koleksiyonda Gezinme"
    },
    {
      "language": "pl",
      "name": "Nawigacja kolekcji"
    },
    {
      "language": "zh_TW",
      "name": "集合瀏覽"
    },
    {
      "language": "ko",
      "name": "수집 탐색"
    },
    {
      "language": "cs",
      "name": "Navigace kolekcí"
    },
    {
      "language": "hu",
      "name": "Navigálás a kollekcióban"
    },
    {
      "language": "el",
      "name": "Πλοήγηση στη συλλογή"
    },
    {
      "language": "da",
      "name": "Indsamlingsnavigation"
    },
    {
      "language": "en",
      "name": "Collection Navigation"
    },
    {
      "language": "sr",
      "name": "Навигација кроз колекцију"
    },
    {
      "language": "ar",
      "name": "تنقل في المجموعة"
    },
    {
      "language": "de",
      "name": "Collection-Navigation"
    },
    {
      "language": "sr_Latn",
      "name": "Navigacija kroz kolekciju"
    },
    {
      "language": "es",
      "name": "Navegación de recopilación"
    },
    {
      "language": "ca",
      "name": "Navegació per recopilació"
    },
    {
      "language": "fr",
      "name": "Navigation dans la collection"
    },
    {
      "language": "id",
      "name": "Navigasi Kumpulan"
    },
    {
      "language": "it",
      "name": "Navigazione raccolta"
    },
    {
      "language": "ms",
      "name": "Navigasi Koleksi"
    },
    {
      "language": "en_GB",
      "name": "Collection Navigation"
    },
    {
      "language": "vi",
      "name": "Điều hướng bộ sưu tập"
    },
    {
      "language": "nl",
      "name": "Verzamelingsnavigatie"
    },
    {
      "language": "sv",
      "name": "Kollektionsnavigering"
    },
    {
      "language": "pt",
      "name": "Navegação da Coleção"
    },
    {
      "language": "fi",
      "name": "Kokoelmassa navigointi"
    }
  ],
  "version": 5,
  "widgetFamily": "megaMenu",
  "widgetType": "megaMenu"
}