{
  "pageTarget": "default",
  "defaultPage": true,
  "regions": [
    {
      "width": 12,
      "type": "header",
      "widgets": [
        "notificationsInst",
        "headerWidgetInst"
      ],
      "structure": "flat",
      "height": 300
    },
    {
      "width": 12,
      "type": "body",
      "widgets": ["megaMenuInst_v5"],
      "structure": "flat",
      "height": 300
    },
    {
      "width": 12,
      "type": "body",
      "widgets": ["returnItemsWidgetInst"],
      "structure": "flat",
      "height": 300
    },
    {
      "width": 12,
      "type": "footer",
      "widgets": ["footerInst"],
      "structure": "flat",
      "height": 300
    }
  ],
  "pageType": "returnItems",
  "isLayoutDisplayable": true,
  "pageAddress": "returnItems",
  "pageDisplayName": "Return Items",
  "displayName": "Return Items Layout",
  "translations": [{
    "name": "Return Items",
    "language": "en"
  }],
  "sites": []
}