{
  "pageTarget": "default",
  "defaultPage": true,
  "regions": [
    {
      "width": 12,
      "type": "header",
      "widgets": [
        "productSocialMetaTagsInst_v5",
        "notificationsInst",
        "headerWidgetInst",
        "megaMenuInst_v5",
        "breadcrumbInst_v3"
      ],
      "structure": "flat",
      "height": 300
    },
    {
      "width": 12,
      "type": "body",
      "widgets": ["productDetailsInst_v10"],
      "structure": "flat",
      "height": 300
    },
    {
      "width": 12,
      "type": "footer",
      "widgets": ["footerInst"],
      "structure": "flat",
      "height": 300
    },
    {
      "width": 12,
      "type": "body",
      "widgets": ["productAddToSpaceWidgetInst_v2"],
      "structure": "flat",
      "height": 300
    }
  ],
  "pageType": "product",
  "isLayoutDisplayable": true,
  "pageDisplayName": "Product",
  "displayName": "Product Layout",
  "translations": [
    {
      "name": "ผลิตภัณฑ์",
      "language": "th"
    },
    {
      "name": "Produto",
      "language": "pt_BR"
    },
    {
      "name": "产品",
      "language": "zh_CN"
    },
    {
      "name": "Продукт",
      "language": "uk"
    },
    {
      "name": "Продукт",
      "language": "bg"
    },
    {
      "name": "Toode",
      "language": "et"
    },
    {
      "name": "Produkts",
      "language": "lv"
    },
    {
      "name": "Produkt",
      "language": "no"
    },
    {
      "name": "Produktas",
      "language": "lt"
    },
    {
      "name": "Produit",
      "language": "fr_CA"
    },
    {
      "name": "Produs",
      "language": "ro"
    },
    {
      "name": "製品",
      "language": "ja"
    },
    {
      "name": "Izdelek",
      "language": "sl"
    },
    {
      "name": "Продукт",
      "language": "ru"
    },
    {
      "name": "Proizvod",
      "language": "hr"
    },
    {
      "name": "Ürün",
      "language": "tr"
    },
    {
      "name": "Produkt",
      "language": "pl"
    },
    {
      "name": "產品",
      "language": "zh_TW"
    },
    {
      "name": "제품",
      "language": "ko"
    },
    {
      "name": "Produkt",
      "language": "cs"
    },
    {
      "name": "Termék",
      "language": "hu"
    },
    {
      "name": "Προϊόν",
      "language": "el"
    },
    {
      "name": "Produkt",
      "language": "da"
    },
    {
      "name": "Product",
      "language": "en"
    },
    {
      "name": "Производ",
      "language": "sr"
    },
    {
      "name": "المنتج",
      "language": "ar"
    },
    {
      "name": "Produkt",
      "language": "de"
    },
    {
      "name": "Proizvod",
      "language": "sr_Latn"
    },
    {
      "name": "Producto",
      "language": "es"
    },
    {
      "name": "Producte",
      "language": "ca"
    },
    {
      "name": "Produit",
      "language": "fr"
    },
    {
      "name": "Produk",
      "language": "id"
    },
    {
      "name": "Prodotto",
      "language": "it"
    },
    {
      "name": "Produk",
      "language": "ms"
    },
    {
      "name": "Product",
      "language": "en_GB"
    },
    {
      "name": "Sản phẩm",
      "language": "vi"
    },
    {
      "name": "Product",
      "language": "nl"
    },
    {
      "name": "Produkt",
      "language": "sv"
    },
    {
      "name": "Produto",
      "language": "pt"
    },
    {
      "name": "Tuote",
      "language": "fi"
    }
  ],
  "sites": []
}