{
  "pageTarget": "default",
  "defaultPage": true,
  "regions": [
    {
      "width": 12,
      "type": "header",
      "widgets": [],
      "structure": "flat",
      "height": 300
    },
    {
      "width": 12,
      "type": "body",
      "widgets": [],
      "structure": "flat",
      "height": 300
    },
    {
      "width": 12,
      "type": "footer",
      "widgets": [],
      "structure": "flat",
      "height": 300
    }
  ],
  "pageType": "role",
  "pageAddress": "occs",
  "isLayoutDisplayable": true,
  "pageDisplayName": "Role",
  "displayName": "Role Layout",
  "translations": [{
    "name": "Role",
    "language": "en"
  }],
  "sites": []
}