{
  "availableToAllPages": true,
  "config": {
    "displayMiniCart": true,
    "giftItemImageURL": "/img/GWP_GiftWithPurchase.jpg",
    "logoAltText": "Logo Alternative Text",
    "logoImage": "/img/logo.png",
    "logoPageLink": "home",
    "miniCartDuration": "5",
    "miniCartNumberOfItems": "3",
    "requiredLinks": [
      "home",
      "aboutUs",
      "returns",
      "shipping",
      "contactUs",
      "privacy"
    ]
  },
  "defaultLayout": "headerWidgetDefaultLayout",
  "global": false,
  "globalEnabled": true,
  "i18nresources": "header",
  "imports": [],
  "javascript": "header",
  "jsEditable": false,
  "minWidth": 1,
  "source": 100,
  "translations": [
    {
      "language": "th",
      "name": "ส่วนหัว"
    },
    {
      "language": "pt_BR",
      "name": "Cabeçalho"
    },
    {
      "language": "zh_CN",
      "name": "页眉"
    },
    {
      "language": "uk",
      "name": "Верх. кол."
    },
    {
      "language": "bg",
      "name": "Гор.колон."
    },
    {
      "language": "et",
      "name": "Päis"
    },
    {
      "language": "lv",
      "name": "Galvene"
    },
    {
      "language": "no",
      "name": "Topptekst"
    },
    {
      "language": "lt",
      "name": "Antraštė"
    },
    {
      "language": "fr_CA",
      "name": "En-tête"
    },
    {
      "language": "ro",
      "name": "Antet"
    },
    {
      "language": "ja",
      "name": "ヘッダー"
    },
    {
      "language": "sl",
      "name": "Glava"
    },
    {
      "language": "ru",
      "name": "Верхн.кол."
    },
    {
      "language": "hr",
      "name": "Zaglavlje"
    },
    {
      "language": "tr",
      "name": "Başlık"
    },
    {
      "language": "pl",
      "name": "Nagłówek"
    },
    {
      "language": "zh_TW",
      "name": "表頭"
    },
    {
      "language": "ko",
      "name": "헤더"
    },
    {
      "language": "cs",
      "name": "Záhlaví"
    },
    {
      "language": "hu",
      "name": "Fejléc"
    },
    {
      "language": "el",
      "name": "Κεφαλίδα"
    },
    {
      "language": "da",
      "name": "Sidehoved"
    },
    {
      "language": "en",
      "name": "Header"
    },
    {
      "language": "sr",
      "name": "Заглавље"
    },
    {
      "language": "ar",
      "name": "العنوان"
    },
    {
      "language": "de",
      "name": "Header"
    },
    {
      "language": "sr_Latn",
      "name": "Zaglavlje"
    },
    {
      "language": "es",
      "name": "Cabecera"
    },
    {
      "language": "ca",
      "name": "Capçalera"
    },
    {
      "language": "fr",
      "name": "En-tête"
    },
    {
      "language": "id",
      "name": "Header"
    },
    {
      "language": "it",
      "name": "Intestaz."
    },
    {
      "language": "ms",
      "name": "Pengepala"
    },
    {
      "language": "en_GB",
      "name": "Header"
    },
    {
      "language": "vi",
      "name": "Đầu trang"
    },
    {
      "language": "nl",
      "name": "Koptekst"
    },
    {
      "language": "sv",
      "name": "Sidhuvud"
    },
    {
      "language": "pt",
      "name": "Cabeçalho"
    },
    {
      "language": "fi",
      "name": "Otsikko"
    }
  ],
  "version": 10,
  "widgetFamily": "headerWidget",
  "widgetType": "headerWidget"
}