{
  "pageTarget": "default",
  "defaultPage": true,
  "regions": [
    {
      "width": 12,
      "type": "header",
      "widgets": [
        "overlayedGuidedNavigationInst",
        "notificationsInst",
        "headerWidgetInst",
        "megaMenuInst_v5",
        "breadcrumbInst_v3"
      ],
      "structure": "flat",
      "height": 300
    },
    {
      "width": 12,
      "id": "popupStackInst",
      "type": "body",
      "widgets": [],
      "structure": "stack",
      "height": 300
    },
    {
      "width": 12,
      "type": "footer",
      "widgets": ["footerInst"],
      "structure": "flat",
      "height": 300
    }
  ],
  "pageType": "category",
  "isLayoutDisplayable": true,
  "pageDisplayName": "Collection",
  "displayName": "Collection Layout",
  "translations": [
    {
      "name": "คอลเลคชัน",
      "language": "th"
    },
    {
      "name": "Coleção",
      "language": "pt_BR"
    },
    {
      "name": "集合",
      "language": "zh_CN"
    },
    {
      "name": "Колекція",
      "language": "uk"
    },
    {
      "name": "Колекция",
      "language": "bg"
    },
    {
      "name": "Kogum",
      "language": "et"
    },
    {
      "name": "Kolekcija",
      "language": "lv"
    },
    {
      "name": "Samling",
      "language": "no"
    },
    {
      "name": "Rinkinys",
      "language": "lt"
    },
    {
      "name": "Collection",
      "language": "fr_CA"
    },
    {
      "name": "Colecţie",
      "language": "ro"
    },
    {
      "name": "コレクション",
      "language": "ja"
    },
    {
      "name": "Zbirka",
      "language": "sl"
    },
    {
      "name": "Коллекция",
      "language": "ru"
    },
    {
      "name": "Naplata",
      "language": "hr"
    },
    {
      "name": "Koleksiyon",
      "language": "tr"
    },
    {
      "name": "Kolekcja",
      "language": "pl"
    },
    {
      "name": "集合",
      "language": "zh_TW"
    },
    {
      "name": "컬렉션",
      "language": "ko"
    },
    {
      "name": "Kolekce",
      "language": "cs"
    },
    {
      "name": "Kollekció",
      "language": "hu"
    },
    {
      "name": "Συλλογή",
      "language": "el"
    },
    {
      "name": "Samling",
      "language": "da"
    },
    {
      "name": "Collection",
      "language": "en"
    },
    {
      "name": "Колекција",
      "language": "sr"
    },
    {
      "name": "المجموعة",
      "language": "ar"
    },
    {
      "name": "Collection",
      "language": "de"
    },
    {
      "name": "Kolekcija",
      "language": "sr_Latn"
    },
    {
      "name": "Recopilación",
      "language": "es"
    },
    {
      "name": "Recopilació",
      "language": "ca"
    },
    {
      "name": "Collection",
      "language": "fr"
    },
    {
      "name": "Kumpulan",
      "language": "id"
    },
    {
      "name": "Raccolta",
      "language": "it"
    },
    {
      "name": "Koleksi",
      "language": "ms"
    },
    {
      "name": "Collection",
      "language": "en_GB"
    },
    {
      "name": "Bộ sưu tập",
      "language": "vi"
    },
    {
      "name": "Verzameling",
      "language": "nl"
    },
    {
      "name": "Kollektion",
      "language": "sv"
    },
    {
      "name": "Coleção",
      "language": "pt"
    },
    {
      "name": "Kokoelma",
      "language": "fi"
    }
  ],
  "sites": []
}