{
  "pageTarget": "default",
  "defaultPage": true,
  "regions": [
    {
      "width": 12,
      "type": "header",
      "widgets": [
        "notificationsInst",
        "headerWidgetInst"
      ],
      "structure": "flat",
      "height": 300
    },
    {
      "width": 12,
      "id": "popupStackPurchaseListInst",
      "type": "body",
      "widgets": [],
      "structure": "stack",
      "height": 300
    },
    {
      "width": 12,
      "type": "footer",
      "widgets": ["footerInst"],
      "structure": "flat",
      "height": 300
    }
  ],
  "pageType": "purchaseList",
  "isLayoutDisplayable": true,
  "pageDisplayName": "Purchase List",
  "displayName": "Purchase List Layout",
  "translations": [
    {
      "name": "ลิสต์จัดซื้อ",
      "language": "th"
    },
    {
      "name": "Lista de Compras",
      "language": "pt_BR"
    },
    {
      "name": "采购清单",
      "language": "zh_CN"
    },
    {
      "name": "Список покупок",
      "language": "uk"
    },
    {
      "name": "Списък с покупки",
      "language": "bg"
    },
    {
      "name": "Ostuloend",
      "language": "et"
    },
    {
      "name": "Iepirkumu saraksts",
      "language": "lv"
    },
    {
      "name": "Kjøpsliste",
      "language": "no"
    },
    {
      "name": "Pirkinių sąrašas",
      "language": "lt"
    },
    {
      "name": "Liste d'achats",
      "language": "fr_CA"
    },
    {
      "name": "Listă de achiziţii",
      "language": "ro"
    },
    {
      "name": "購入リスト",
      "language": "ja"
    },
    {
      "name": "Seznam nakupov",
      "language": "sl"
    },
    {
      "name": "Список покупок",
      "language": "ru"
    },
    {
      "name": "Popis za kupovinu",
      "language": "hr"
    },
    {
      "name": "Satın Alma Listesi",
      "language": "tr"
    },
    {
      "name": "Lista zakupów",
      "language": "pl"
    },
    {
      "name": "採購清單",
      "language": "zh_TW"
    },
    {
      "name": "구매 목록",
      "language": "ko"
    },
    {
      "name": "Nákupní seznam",
      "language": "cs"
    },
    {
      "name": "Vásárlási lista",
      "language": "hu"
    },
    {
      "name": "Λίστα αγορών",
      "language": "el"
    },
    {
      "name": "Indkøbsliste",
      "language": "da"
    },
    {
      "name": "Purchase List",
      "language": "en"
    },
    {
      "name": "Листа за куповину",
      "language": "sr"
    },
    {
      "name": "Kaufliste",
      "language": "de"
    },
    {
      "name": "Lista za kupovinu",
      "language": "sr_Latn"
    },
    {
      "name": "Lista de compra",
      "language": "es"
    },
    {
      "name": "Liste d'achats",
      "language": "fr"
    },
    {
      "name": "Elenco acquisti",
      "language": "it"
    },
    {
      "name": "Purchase List",
      "language": "en_GB"
    },
    {
      "name": "Inkooplijst",
      "language": "nl"
    },
    {
      "name": "Inköpslista",
      "language": "sv"
    },
    {
      "name": "Lista de Compras",
      "language": "pt"
    },
    {
      "name": "Ostoluettelo",
      "language": "fi"
    }
  ],
  "sites": []
}