{
  "config": {
    "displayMiniCart": true,
    "giftItemImageURL": "/img/GWP_GiftWithPurchase.jpg",
    "logoAltText": "Logo Alternative Text",
    "logoImage": "/img/logo.png",
    "logoPageLink": "home",
    "miniCartDuration": "5",
    "miniCartNumberOfItems": "3",
    "requiredLinks": [
      "home",
      "aboutUs",
      "returns",
      "shipping",
      "contactUs",
      "privacy"
    ]
  },
  "id": "headerWidgetInst",
  "name": "Header Widget",
  "usingCodeView": false,
  "usingLessCodeView": false
}