{
  "config": {},
  "global": false,
  "globalEnabled": false,
  "i18nresources": "checkoutconfirmation",
  "imports": [
    "confirmation",
    "shippingCountries"
  ],
  "javascript": "checkout-confirmation",
  "jsEditable": false,
  "minWidth": 1,
  "pageTypes": ["confirmation"],
  "source": 100,
  "translations": [
    {
      "language": "th",
      "name": "การยืนยันใบสั่ง"
    },
    {
      "language": "pt_BR",
      "name": "Confirmação de pedido"
    },
    {
      "language": "zh_CN",
      "name": "订单确认"
    },
    {
      "language": "uk",
      "name": "Підтвердження замовлення"
    },
    {
      "language": "bg",
      "name": "Потвърждение на поръчка"
    },
    {
      "language": "et",
      "name": "Tellimuse kinnitus"
    },
    {
      "language": "lv",
      "name": "Pasūtījuma apstiprinājums"
    },
    {
      "language": "no",
      "name": "Ordrebekreftelse"
    },
    {
      "language": "lt",
      "name": "Užsakymo patvirtinimas"
    },
    {
      "language": "fr_CA",
      "name": "Confirmation de commande"
    },
    {
      "language": "ro",
      "name": "Confirmare comandă "
    },
    {
      "language": "ja",
      "name": "オーダー確認"
    },
    {
      "language": "sl",
      "name": "Potrditev naročila"
    },
    {
      "language": "ru",
      "name": "Подтверждение заказа"
    },
    {
      "language": "hr",
      "name": "Potvrda narudžbe"
    },
    {
      "language": "tr",
      "name": "Sipariş Teyidi"
    },
    {
      "language": "pl",
      "name": "Potwierdzenie zamówienia"
    },
    {
      "language": "zh_TW",
      "name": "訂單確認"
    },
    {
      "language": "ko",
      "name": "주문 확인"
    },
    {
      "language": "cs",
      "name": "Potvrzení objednávky"
    },
    {
      "language": "hu",
      "name": "Rendelés megerősítése"
    },
    {
      "language": "el",
      "name": "Επιβεβαίωση παραγγελίας"
    },
    {
      "language": "da",
      "name": "Ordrebekræftelse"
    },
    {
      "language": "en",
      "name": "Order Confirmation"
    },
    {
      "language": "sr",
      "name": "Потврда наруџбине"
    },
    {
      "language": "ar",
      "name": "تأكيد الطلب"
    },
    {
      "language": "de",
      "name": "Bestellbestätigung"
    },
    {
      "language": "sr_Latn",
      "name": "Potvrda narudžbine"
    },
    {
      "language": "es",
      "name": "Confirmación de orden"
    },
    {
      "language": "ca",
      "name": "Confirmació d'ordre"
    },
    {
      "language": "fr",
      "name": "Confirmation de commande"
    },
    {
      "language": "id",
      "name": "Konfirmasi Pesanan"
    },
    {
      "language": "it",
      "name": "Conferma ordine"
    },
    {
      "language": "ms",
      "name": "Pengesahan Pesanan"
    },
    {
      "language": "en_GB",
      "name": "Order Confirmation"
    },
    {
      "language": "vi",
      "name": "Xác nhận đơn hàng"
    },
    {
      "language": "nl",
      "name": "Orderbevestiging"
    },
    {
      "language": "sv",
      "name": "Orderbekräftelse"
    },
    {
      "language": "pt",
      "name": "Confirmação da Encomenda"
    },
    {
      "language": "fi",
      "name": "Tilauksen vahvistus"
    }
  ],
  "version": 7,
  "widgetFamily": "checkoutConfirmation",
  "widgetType": "checkoutConfirmation"
}