{
  "pageTarget": "default",
  "defaultPage": false,
  "regions": [
    {
      "width": 12,
      "type": "header",
      "widgets": [
        "notificationsInst",
        "headerWidgetInst",
        "megaMenuInst_v5"
      ],
      "structure": "flat",
      "height": 300
    },
    {
      "width": 12,
      "type": "body",
      "widgets": ["contactUsWebContentInst"],
      "structure": "flat",
      "height": 300
    },
    {
      "width": 12,
      "type": "footer",
      "widgets": ["footerInst"],
      "structure": "flat",
      "height": 300
    }
  ],
  "pageType": "article",
  "isLayoutDisplayable": true,
  "pageAddress": "contactUs",
  "pageDisplayName": "Contact Us",
  "displayName": "Contact Us Layout",
  "translations": [
    {
      "name": "ติดต่อเรา",
      "language": "th"
    },
    {
      "name": "Contate-nos",
      "language": "pt_BR"
    },
    {
      "name": "联系我们",
      "language": "zh_CN"
    },
    {
      "name": "Контакти",
      "language": "uk"
    },
    {
      "name": "Свърж. се с нас",
      "language": "bg"
    },
    {
      "name": "Kontaktteave",
      "language": "et"
    },
    {
      "name": "Kontaktinform.",
      "language": "lv"
    },
    {
      "name": "Kontakt oss",
      "language": "no"
    },
    {
      "name": "Susisiekite",
      "language": "lt"
    },
    {
      "name": "Nous contacter",
      "language": "fr_CA"
    },
    {
      "name": "Contactaţi-ne",
      "language": "ro"
    },
    {
      "name": "お問合せ",
      "language": "ja"
    },
    {
      "name": "Kontakt",
      "language": "sl"
    },
    {
      "name": "Контактная инф.",
      "language": "ru"
    },
    {
      "name": "Obratite nam se",
      "language": "hr"
    },
    {
      "name": "Bize Ulaşın",
      "language": "tr"
    },
    {
      "name": "Kontakt",
      "language": "pl"
    },
    {
      "name": "聯絡我們",
      "language": "zh_TW"
    },
    {
      "name": "연락처",
      "language": "ko"
    },
    {
      "name": "Kontaktujte nás",
      "language": "cs"
    },
    {
      "name": "Elérhetőségek",
      "language": "hu"
    },
    {
      "name": "Επικοινωνία",
      "language": "el"
    },
    {
      "name": "Kontakt os",
      "language": "da"
    },
    {
      "name": "Contact Us",
      "language": "en"
    },
    {
      "name": "Обратите нам се",
      "language": "sr"
    },
    {
      "name": "اتصل بنا",
      "language": "ar"
    },
    {
      "name": "Kontakt",
      "language": "de"
    },
    {
      "name": "Obratite nam se",
      "language": "sr_Latn"
    },
    {
      "name": "Contacto",
      "language": "es"
    },
    {
      "name": "Contacte",
      "language": "ca"
    },
    {
      "name": "Nous contacter",
      "language": "fr"
    },
    {
      "name": "Hubungi Kami",
      "language": "id"
    },
    {
      "name": "Contatti",
      "language": "it"
    },
    {
      "name": "Hubungi Kami",
      "language": "ms"
    },
    {
      "name": "Contact Us",
      "language": "en_GB"
    },
    {
      "name": "LH chúng tôi",
      "language": "vi"
    },
    {
      "name": "Contact opnemen",
      "language": "nl"
    },
    {
      "name": "Kontakta oss",
      "language": "sv"
    },
    {
      "name": "Contacte-nos",
      "language": "pt"
    },
    {
      "name": "Yhteydenotto",
      "language": "fi"
    }
  ],
  "layoutViewports": "xs,sm,md,lg",
  "sites": []
}