{
  "config": {
    "giftItemImageURL": "/img/GWP_GiftWithPurchase.jpg",
    "logoAltText": "Logo Alternative Text",
    "logoImage": "/img/logo.png",
    "logoPageLink": "home",
    "requiredLinks": [
      "home",
      "aboutUs",
      "returns",
      "shipping",
      "contactUs",
      "privacy"
    ]
  },
  "currentLayout": "basicHeaderWidgetDefaultLayoutInstance",
  "id": "basicHeaderWidgetInst",
  "layouts": [{
    "id": "basicHeaderWidgetDefaultLayoutInstance",
    "widgetLayoutDescriptor": "headerWidgetDefaultLayout"
  }],
  "name": "Header - Basic Widget",
  "templatePath": "/templates/display-basicHeaderWidgetDefaultLayoutInstance.template",
  "usingCodeView": false,
  "usingLessCodeView": false
}