{
  "pageTarget": "default",
  "defaultPage": true,
  "regions": [
    {
      "width": 12,
      "type": "header",
      "widgets": [
        "notificationsInst",
        "headerWidgetInst",
        "megaMenuInst_v5"
      ],
      "structure": "flat",
      "height": 300
    },
    {
      "width": 12,
      "type": "body",
      "widgets": ["assetDetailsWidgetInst_v2"],
      "structure": "flat",
      "height": 300
    },
    {
      "width": 12,
      "type": "footer",
      "widgets": ["footerInst"],
      "structure": "flat",
      "height": 300
    }
  ],
  "pageType": "assetDetails",
  "isLayoutDisplayable": true,
  "pageDisplayName": "Asset Details",
  "displayName": "Asset Details Layout",
  "translations": [
    {
      "name": "รายละเอียดสินทรัพย์",
      "language": "th"
    },
    {
      "name": "Detalhes do Ativo",
      "language": "pt_BR"
    },
    {
      "name": "资产详细信息",
      "language": "zh_CN"
    },
    {
      "name": "Дані активу",
      "language": "uk"
    },
    {
      "name": "Подробн. за актив",
      "language": "bg"
    },
    {
      "name": "Varade üksikasjad",
      "language": "et"
    },
    {
      "name": "Līdzekļa dati",
      "language": "lv"
    },
    {
      "name": "Ressursdetaljer",
      "language": "no"
    },
    {
      "name": "Duomenų informacija",
      "language": "lt"
    },
    {
      "name": "Détails ressource",
      "language": "fr_CA"
    },
    {
      "name": "Detalii mijloc fix",
      "language": "ro"
    },
    {
      "name": "アセット詳細",
      "language": "ja"
    },
    {
      "name": "Podrobn. sredstev",
      "language": "sl"
    },
    {
      "name": "Сведения об активе",
      "language": "ru"
    },
    {
      "name": "Pojedinosti resursa",
      "language": "hr"
    },
    {
      "name": "Varlık Detayları",
      "language": "tr"
    },
    {
      "name": "Szczegóły zasobów",
      "language": "pl"
    },
    {
      "name": "資產詳細資料",
      "language": "zh_TW"
    },
    {
      "name": "자산 세부정보",
      "language": "ko"
    },
    {
      "name": "Detaily prostředku",
      "language": "cs"
    },
    {
      "name": "Objektum adatai",
      "language": "hu"
    },
    {
      "name": "Λεπτομέρειες πόρου",
      "language": "el"
    },
    {
      "name": "Aktivdetaljer",
      "language": "da"
    },
    {
      "name": "Asset Details",
      "language": "en"
    },
    {
      "name": "Детаљи о средству",
      "language": "sr"
    },
    {
      "name": "تفاصيل الأصل",
      "language": "ar"
    },
    {
      "name": "Assetdetails",
      "language": "de"
    },
    {
      "name": "Detalji o sredstvu",
      "language": "sr_Latn"
    },
    {
      "name": "Detalles de activo",
      "language": "es"
    },
    {
      "name": "Detalls d'actiu",
      "language": "ca"
    },
    {
      "name": "Détails ressource",
      "language": "fr"
    },
    {
      "name": "Detail Aset",
      "language": "id"
    },
    {
      "name": "Dettagli asset",
      "language": "it"
    },
    {
      "name": "Butiran Aset",
      "language": "ms"
    },
    {
      "name": "Asset Details",
      "language": "en_GB"
    },
    {
      "name": "Chi tiết phần tử",
      "language": "vi"
    },
    {
      "name": "Activadetails",
      "language": "nl"
    },
    {
      "name": "Tillgångsdetaljer",
      "language": "sv"
    },
    {
      "name": "Detalhes do Ativo",
      "language": "pt"
    },
    {
      "name": "Kohteen tiedot",
      "language": "fi"
    }
  ],
  "sites": []
}