{
  "pageTarget": "default",
  "defaultPage": true,
  "regions": [
    {
      "width": 12,
      "type": "header",
      "widgets": [
        "notificationsInst",
        "headerWidgetInst",
        "megaMenuInst_v5"
      ],
      "structure": "flat",
      "height": 300
    },
    {
      "width": 12,
      "type": "body",
      "widgets": ["orderHistoryWidgetInst_v8"],
      "structure": "flat",
      "height": 300
    },
    {
      "width": 12,
      "type": "footer",
      "widgets": ["footerInst"],
      "structure": "flat",
      "height": 300
    }
  ],
  "pageType": "orderHistory",
  "isLayoutDisplayable": true,
  "pageDisplayName": "Order History",
  "displayName": "Order History Layout",
  "translations": [
    {
      "name": "ประวัติใบสั่ง",
      "language": "th"
    },
    {
      "name": "Histórico do pedido",
      "language": "pt_BR"
    },
    {
      "name": "订单历史记录",
      "language": "zh_CN"
    },
    {
      "name": "Журнал замовлень",
      "language": "uk"
    },
    {
      "name": "Истор. на поръчките",
      "language": "bg"
    },
    {
      "name": "Tellimisajalugu",
      "language": "et"
    },
    {
      "name": "Pasūtījumu vēsture",
      "language": "lv"
    },
    {
      "name": "Ordrehistorikk",
      "language": "no"
    },
    {
      "name": "Užsakymų istorija",
      "language": "lt"
    },
    {
      "name": "Historique commande",
      "language": "fr_CA"
    },
    {
      "name": "Istoric comenzi",
      "language": "ro"
    },
    {
      "name": "オーダー履歴",
      "language": "ja"
    },
    {
      "name": "Zgodovina naročil",
      "language": "sl"
    },
    {
      "name": "История заказов",
      "language": "ru"
    },
    {
      "name": "Prethodne narudžbe",
      "language": "hr"
    },
    {
      "name": "Sipariş Tarihçesi",
      "language": "tr"
    },
    {
      "name": "Historia zamówień",
      "language": "pl"
    },
    {
      "name": "訂單歷史記錄",
      "language": "zh_TW"
    },
    {
      "name": "주문 기록",
      "language": "ko"
    },
    {
      "name": "Historie objednávek",
      "language": "cs"
    },
    {
      "name": "Rendelési előzm.",
      "language": "hu"
    },
    {
      "name": "Ιστορικό παραγγελ.",
      "language": "el"
    },
    {
      "name": "Ordrehistorik",
      "language": "da"
    },
    {
      "name": "Order History",
      "language": "en"
    },
    {
      "name": "Историјат наруџбина",
      "language": "sr"
    },
    {
      "name": "تاريخ الطلب",
      "language": "ar"
    },
    {
      "name": "Bestellhistorie",
      "language": "de"
    },
    {
      "name": "Istorijat narudžbina",
      "language": "sr_Latn"
    },
    {
      "name": "Historial órdenes",
      "language": "es"
    },
    {
      "name": "Historial d'ordres",
      "language": "ca"
    },
    {
      "name": "Historique des cdes",
      "language": "fr"
    },
    {
      "name": "Riwayat Pesanan",
      "language": "id"
    },
    {
      "name": "Cronologia ordine",
      "language": "it"
    },
    {
      "name": "Sejarah Pesanan",
      "language": "ms"
    },
    {
      "name": "Order History",
      "language": "en_GB"
    },
    {
      "name": "Lịch sử đơn hàng",
      "language": "vi"
    },
    {
      "name": "Orderhistorie",
      "language": "nl"
    },
    {
      "name": "Orderhistorik",
      "language": "sv"
    },
    {
      "name": "Histór. Encomendas",
      "language": "pt"
    },
    {
      "name": "Tilaushistoria",
      "language": "fi"
    }
  ],
  "sites": []
}