{
  "pageTarget": "default",
  "defaultPage": true,
  "regions": [
    {
      "width": 12,
      "type": "header",
      "widgets": [
        "notificationsInst",
        "headerWidgetInst",
        "megaMenuInst_v5"
      ],
      "structure": "flat",
      "height": 300
    },
    {
      "width": 12,
      "type": "body",
      "widgets": ["spaceInviteAcceptWidgetInst"],
      "structure": "flat",
      "height": 300
    },
    {
      "width": 12,
      "type": "body",
      "widgets": ["wishListCanvasJSWidgetInst"],
      "structure": "flat",
      "height": 300
    },
    {
      "width": 12,
      "type": "body",
      "widgets": ["spaceWelcomeWidgetInst"],
      "structure": "flat",
      "height": 300
    },
    {
      "width": 12,
      "type": "body",
      "widgets": ["spaceHeaderWidgetInst_v3"],
      "structure": "flat",
      "height": 300
    },
    {
      "width": 12,
      "type": "body",
      "widgets": ["spaceContentWidgetInst_v6"],
      "structure": "flat",
      "height": 300
    },
    {
      "width": 12,
      "type": "footer",
      "widgets": ["footerInst"],
      "structure": "flat",
      "height": 300
    }
  ],
  "pageType": "swm",
  "isLayoutDisplayable": true,
  "pageDisplayName": "Wish List",
  "displayName": "Wish List Layout",
  "translations": [
    {
      "name": "Wish List",
      "language": "th"
    },
    {
      "name": "Lista-Desejos",
      "language": "pt_BR"
    },
    {
      "name": "收藏列表",
      "language": "zh_CN"
    },
    {
      "name": "Сп. баж. тов.",
      "language": "uk"
    },
    {
      "name": "Списък с жел.",
      "language": "bg"
    },
    {
      "name": "Sooviloend",
      "language": "et"
    },
    {
      "name": "Vēlmju sar.",
      "language": "lv"
    },
    {
      "name": "Ønskeliste",
      "language": "no"
    },
    {
      "name": "Pageid. sąr.",
      "language": "lt"
    },
    {
      "name": "Liste souhaits",
      "language": "fr_CA"
    },
    {
      "name": "Listă dorinţe",
      "language": "ro"
    },
    {
      "name": "ウィッシュ・リスト",
      "language": "ja"
    },
    {
      "name": "Seznam želja",
      "language": "sl"
    },
    {
      "name": "Список желаний",
      "language": "ru"
    },
    {
      "name": "Popis želja",
      "language": "hr"
    },
    {
      "name": "İstek Listesi",
      "language": "tr"
    },
    {
      "name": "Lista życzeń",
      "language": "pl"
    },
    {
      "name": "欲購清單",
      "language": "zh_TW"
    },
    {
      "name": "희망 목록",
      "language": "ko"
    },
    {
      "name": "Seznam přání",
      "language": "cs"
    },
    {
      "name": "Kívánságlista",
      "language": "hu"
    },
    {
      "name": "Λίστα επιθυμ.",
      "language": "el"
    },
    {
      "name": "Ønskeliste",
      "language": "da"
    },
    {
      "name": "Wish List",
      "language": "en"
    },
    {
      "name": "Листа жеља",
      "language": "sr"
    },
    {
      "name": "قائمة الرغبات",
      "language": "ar"
    },
    {
      "name": "Wunschzettel",
      "language": "de"
    },
    {
      "name": "Lista želja",
      "language": "sr_Latn"
    },
    {
      "name": "Lista deseos",
      "language": "es"
    },
    {
      "name": "Llta desitjos",
      "language": "ca"
    },
    {
      "name": "Liste souhaits",
      "language": "fr"
    },
    {
      "name": "Dftr Keinginan",
      "language": "id"
    },
    {
      "name": "El. desiderata",
      "language": "it"
    },
    {
      "name": "Senarai Hajat",
      "language": "ms"
    },
    {
      "name": "Wish List",
      "language": "en_GB"
    },
    {
      "name": "DSMH muốn mua",
      "language": "vi"
    },
    {
      "name": "Verlanglijst",
      "language": "nl"
    },
    {
      "name": "Önskelista",
      "language": "sv"
    },
    {
      "name": "Lista Prefer.",
      "language": "pt"
    },
    {
      "name": "Toivomuslista",
      "language": "fi"
    }
  ],
  "sites": []
}