{
  "pageTarget": "default",
  "defaultPage": true,
  "regions": [
    {
      "width": 12,
      "type": "header",
      "widgets": [
        "notificationsInst",
        "headerWidgetInst",
        "megaMenuInst_v5"
      ],
      "structure": "flat",
      "height": 300
    },
    {
      "width": 12,
      "type": "body",
      "widgets": ["assetsWidgetInst_v2"],
      "structure": "flat",
      "height": 300
    },
    {
      "width": 12,
      "type": "footer",
      "widgets": ["footerInst"],
      "structure": "flat",
      "height": 300
    }
  ],
  "pageType": "assets",
  "isLayoutDisplayable": true,
  "pageDisplayName": "Assets",
  "displayName": "Assets Layout",
  "translations": [
    {
      "name": "สินทรัพย์",
      "language": "th"
    },
    {
      "name": "Ativos",
      "language": "pt_BR"
    },
    {
      "name": "资产",
      "language": "zh_CN"
    },
    {
      "name": "Активи",
      "language": "uk"
    },
    {
      "name": "Активи",
      "language": "bg"
    },
    {
      "name": "Varad",
      "language": "et"
    },
    {
      "name": "Līdzekļi",
      "language": "lv"
    },
    {
      "name": "Ressurser",
      "language": "no"
    },
    {
      "name": "Duomenys",
      "language": "lt"
    },
    {
      "name": "Ressources",
      "language": "fr_CA"
    },
    {
      "name": "Active",
      "language": "ro"
    },
    {
      "name": "アセット",
      "language": "ja"
    },
    {
      "name": "Sredstva",
      "language": "sl"
    },
    {
      "name": "Активы",
      "language": "ru"
    },
    {
      "name": "Resursi",
      "language": "hr"
    },
    {
      "name": "Varlıklar",
      "language": "tr"
    },
    {
      "name": "Zasoby",
      "language": "pl"
    },
    {
      "name": "資產",
      "language": "zh_TW"
    },
    {
      "name": "자산",
      "language": "ko"
    },
    {
      "name": "Prostředky",
      "language": "cs"
    },
    {
      "name": "Objektumok",
      "language": "hu"
    },
    {
      "name": "Πόροι",
      "language": "el"
    },
    {
      "name": "Aktiver",
      "language": "da"
    },
    {
      "name": "Assets",
      "language": "en"
    },
    {
      "name": "Средства",
      "language": "sr"
    },
    {
      "name": "الأصول",
      "language": "ar"
    },
    {
      "name": "Assets",
      "language": "de"
    },
    {
      "name": "Sredstva",
      "language": "sr_Latn"
    },
    {
      "name": "Activos",
      "language": "es"
    },
    {
      "name": "Actius",
      "language": "ca"
    },
    {
      "name": "Ressources",
      "language": "fr"
    },
    {
      "name": "Aset",
      "language": "id"
    },
    {
      "name": "Asset",
      "language": "it"
    },
    {
      "name": "Aset",
      "language": "ms"
    },
    {
      "name": "Assets",
      "language": "en_GB"
    },
    {
      "name": "Phần tử",
      "language": "vi"
    },
    {
      "name": "Activa",
      "language": "nl"
    },
    {
      "name": "Tillgångar",
      "language": "sv"
    },
    {
      "name": "Ativos",
      "language": "pt"
    },
    {
      "name": "Kohteet",
      "language": "fi"
    }
  ],
  "sites": []
}