{
  "config": {},
  "global": false,
  "globalEnabled": false,
  "i18nresources": "confirmationsummary",
  "imports": ["confirmation"],
  "javascript": "confirmation-summary",
  "jsEditable": false,
  "minWidth": 1,
  "pageTypes": ["confirmation"],
  "source": 100,
  "translations": [
    {
      "language": "th",
      "name": "สรุปการยืนยันใบสั่ง"
    },
    {
      "language": "pt_BR",
      "name": "Resumo da confirmação do pedido"
    },
    {
      "language": "zh_CN",
      "name": "订单确认摘要"
    },
    {
      "language": "uk",
      "name": "Про підтвердження замовлення"
    },
    {
      "language": "bg",
      "name": "Обща инф. за потвърждение за поръчка"
    },
    {
      "language": "et",
      "name": "Tellimuse kinnituse kokkuvõte"
    },
    {
      "language": "lv",
      "name": "Pasūt. apstipr. kopsavilkums"
    },
    {
      "language": "no",
      "name": "Sammendrag av ordrebekreftelse"
    },
    {
      "language": "lt",
      "name": "Užsakymo patvirtinimo suvestinė"
    },
    {
      "language": "fr_CA",
      "name": "Sommaire de confirmation de commande"
    },
    {
      "language": "ro",
      "name": "Sumar confirmare comandă "
    },
    {
      "language": "ja",
      "name": "オーダー確認要約"
    },
    {
      "language": "sl",
      "name": "Povzetek potrditve naročila"
    },
    {
      "language": "ru",
      "name": "Сводка подтверждений заказов"
    },
    {
      "language": "hr",
      "name": "Sažetak potvrde narudžbe"
    },
    {
      "language": "tr",
      "name": "Sipariş Teyidi Özeti"
    },
    {
      "language": "pl",
      "name": "Podsumow. potwierdzenia zamówienia"
    },
    {
      "language": "zh_TW",
      "name": "訂單確認摘要"
    },
    {
      "language": "ko",
      "name": "주문 확인 요약"
    },
    {
      "language": "cs",
      "name": "Potvrzení objednávky - souhrn"
    },
    {
      "language": "hu",
      "name": "Rendelés megerősítése - Összesítés"
    },
    {
      "language": "el",
      "name": "Σύνοψη επιβεβαίωσης παραγγελίας"
    },
    {
      "language": "da",
      "name": "Opsummering af ordrebekræftelse"
    },
    {
      "language": "en",
      "name": "Order Confirmation Summary"
    },
    {
      "language": "sr",
      "name": "Резиме потврде наруџбине"
    },
    {
      "language": "ar",
      "name": "ملخص تأكيد الطلب"
    },
    {
      "language": "de",
      "name": "Bestellbestätigungsübersicht"
    },
    {
      "language": "sr_Latn",
      "name": "Rezime potvrde narudžbine"
    },
    {
      "language": "es",
      "name": "Resumen de confirmación de orden"
    },
    {
      "language": "ca",
      "name": "Resum de confirmació d'ordre"
    },
    {
      "language": "fr",
      "name": "Récapitulatif confirmation commande"
    },
    {
      "language": "id",
      "name": "Ringkasan Konfirmasi Pesanan"
    },
    {
      "language": "it",
      "name": "Riepilogo Conferma ordine"
    },
    {
      "language": "ms",
      "name": "Ringkasan Pengesahan Pesanan"
    },
    {
      "language": "en_GB",
      "name": "Order Confirmation Summary"
    },
    {
      "language": "vi",
      "name": "Tổng hợp xác nhận đơn hàng"
    },
    {
      "language": "nl",
      "name": "Orderbevestigingsoverzicht"
    },
    {
      "language": "sv",
      "name": "Översikt över orderbekräftelse"
    },
    {
      "language": "pt",
      "name": "Resumo da Confirmação da Encomenda"
    },
    {
      "language": "fi",
      "name": "Tilauksen vahvistuksen yhteenveto"
    }
  ],
  "version": 4,
  "widgetFamily": "confirmationSummary",
  "widgetType": "confirmationSummary"
}