{
  "pageTarget": "default",
  "defaultPage": false,
  "regions": [
    {
      "width": 12,
      "type": "header",
      "widgets": [
        "notificationsInst",
        "basicHeaderWidgetInst"
      ],
      "structure": "flat",
      "height": 300
    },
    {
      "width": 9,
      "type": "body",
      "widgets": [
        "checkoutRegistrationInst_v5",
        "checkoutAddressBookInst_v13",
        "checkoutPaymentDetailsInst_v10",
        "promotionInst_v2"
      ],
      "structure": "flat",
      "height": 300
    },
    {
      "width": 3,
      "type": "body",
      "widgets": [
        "checkoutCartSummaryInst_v7",
        "checkoutOrderSummaryInst_v13"
      ],
      "structure": "flat",
      "height": 300
    },
    {
      "width": 12,
      "type": "footer",
      "widgets": ["footerInst"],
      "structure": "flat",
      "height": 300
    }
  ],
  "pageType": "checkout",
  "isLayoutDisplayable": true,
  "pageAddress": "checkout",
  "pageDisplayName": "Checkout",
  "displayName": "Checkout Layout",
  "translations": [
    {
      "name": "เช็คเอาต์",
      "language": "th"
    },
    {
      "name": "Final compra",
      "language": "pt_BR"
    },
    {
      "name": "结账",
      "language": "zh_CN"
    },
    {
      "name": "Оформлення",
      "language": "uk"
    },
    {
      "name": "Каса",
      "language": "bg"
    },
    {
      "name": "Vormista ost",
      "language": "et"
    },
    {
      "name": "Norēķināšanās",
      "language": "lv"
    },
    {
      "name": "Til kassen",
      "language": "no"
    },
    {
      "name": "Atsiskaitymas",
      "language": "lt"
    },
    {
      "name": "Commander",
      "language": "fr_CA"
    },
    {
      "name": "Achiziţie",
      "language": "ro"
    },
    {
      "name": "精算",
      "language": "ja"
    },
    {
      "name": "Zaključek",
      "language": "sl"
    },
    {
      "name": "Оформл. пок.",
      "language": "ru"
    },
    {
      "name": "Izvrši kupnju",
      "language": "hr"
    },
    {
      "name": "Teslim alma",
      "language": "tr"
    },
    {
      "name": "Kasa",
      "language": "pl"
    },
    {
      "name": "結帳",
      "language": "zh_TW"
    },
    {
      "name": "체크아웃",
      "language": "ko"
    },
    {
      "name": "Pokladna",
      "language": "cs"
    },
    {
      "name": "Véglegesítés",
      "language": "hu"
    },
    {
      "name": "Ταμείο",
      "language": "el"
    },
    {
      "name": "Tjek-ud",
      "language": "da"
    },
    {
      "name": "Checkout",
      "language": "en"
    },
    {
      "name": "Завршетак",
      "language": "sr"
    },
    {
      "name": "الدفع",
      "language": "ar"
    },
    {
      "name": "Checkout",
      "language": "de"
    },
    {
      "name": "Završetak",
      "language": "sr_Latn"
    },
    {
      "name": "Finlz compra",
      "language": "es"
    },
    {
      "name": "Final compra",
      "language": "ca"
    },
    {
      "name": "Valider cde",
      "language": "fr"
    },
    {
      "name": "Pembayaran",
      "language": "id"
    },
    {
      "name": "Checkout",
      "language": "it"
    },
    {
      "name": "Daftar Keluar",
      "language": "ms"
    },
    {
      "name": "Checkout",
      "language": "en_GB"
    },
    {
      "name": "Thanh toán",
      "language": "vi"
    },
    {
      "name": "Kassa",
      "language": "nl"
    },
    {
      "name": "Kassan",
      "language": "sv"
    },
    {
      "name": "Registo Saída",
      "language": "pt"
    },
    {
      "name": "Kassa",
      "language": "fi"
    }
  ],
  "sites": []
}