{
  "pageTarget": "default",
  "defaultPage": false,
  "regions": [
    {
      "width": 12,
      "type": "header",
      "widgets": [
        "notificationsInst",
        "headerWidgetInst",
        "megaMenuInst_v5"
      ],
      "structure": "flat",
      "height": 300
    },
    {
      "width": 9,
      "type": "body",
      "widgets": ["shoppingCartSummaryInst_v12"],
      "structure": "flat",
      "height": 300
    },
    {
      "width": 3,
      "type": "body",
      "widgets": ["orderSummaryInst_v6"],
      "structure": "flat",
      "height": 300
    },
    {
      "width": 12,
      "type": "footer",
      "widgets": ["footerInst"],
      "structure": "flat",
      "height": 300
    }
  ],
  "pageType": "cart",
  "isLayoutDisplayable": true,
  "pageDisplayName": "Cart",
  "displayName": "Cart Layout",
  "translations": [
    {
      "name": "รถเข็น",
      "language": "th"
    },
    {
      "name": "Carrinho",
      "language": "pt_BR"
    },
    {
      "name": "购物车",
      "language": "zh_CN"
    },
    {
      "name": "Кошик",
      "language": "uk"
    },
    {
      "name": "Количка",
      "language": "bg"
    },
    {
      "name": "Ostukorv",
      "language": "et"
    },
    {
      "name": "Grozs",
      "language": "lv"
    },
    {
      "name": "Kurv",
      "language": "no"
    },
    {
      "name": "Krepš.",
      "language": "lt"
    },
    {
      "name": "Panier",
      "language": "fr_CA"
    },
    {
      "name": "Coş",
      "language": "ro"
    },
    {
      "name": "カート",
      "language": "ja"
    },
    {
      "name": "Voziček",
      "language": "sl"
    },
    {
      "name": "Корзина",
      "language": "ru"
    },
    {
      "name": "Košarica",
      "language": "hr"
    },
    {
      "name": "Alşv Spt",
      "language": "tr"
    },
    {
      "name": "Koszyk",
      "language": "pl"
    },
    {
      "name": "購物車",
      "language": "zh_TW"
    },
    {
      "name": "카트",
      "language": "ko"
    },
    {
      "name": "Košík",
      "language": "cs"
    },
    {
      "name": "Kosár",
      "language": "hu"
    },
    {
      "name": "Καλάθι",
      "language": "el"
    },
    {
      "name": "Vogn",
      "language": "da"
    },
    {
      "name": "Cart",
      "language": "en"
    },
    {
      "name": "Корпа",
      "language": "sr"
    },
    {
      "name": "العربة",
      "language": "ar"
    },
    {
      "name": "Korb",
      "language": "de"
    },
    {
      "name": "Korpa",
      "language": "sr_Latn"
    },
    {
      "name": "Carro",
      "language": "es"
    },
    {
      "name": "Carro",
      "language": "ca"
    },
    {
      "name": "Panier",
      "language": "fr"
    },
    {
      "name": "Krnjg",
      "language": "id"
    },
    {
      "name": "Carrello",
      "language": "it"
    },
    {
      "name": "Kart",
      "language": "ms"
    },
    {
      "name": "Cart",
      "language": "en_GB"
    },
    {
      "name": "G.hàng",
      "language": "vi"
    },
    {
      "name": "Wagen",
      "language": "nl"
    },
    {
      "name": "Kundvagn",
      "language": "sv"
    },
    {
      "name": "Carrinho",
      "language": "pt"
    },
    {
      "name": "Kori",
      "language": "fi"
    }
  ],
  "sites": []
}