{
  "pageTarget": "default",
  "defaultPage": true,
  "regions": [
    {
      "width": 12,
      "type": "header",
      "widgets": [
        "notificationsInst",
        "headerWidgetInst",
        "megaMenuInst_v5"
      ],
      "structure": "flat",
      "height": 300
    },
    {
      "width": 12,
      "type": "body",
      "widgets": ["spaceSettingsHeaderWidgetInst"],
      "structure": "flat",
      "height": 300
    },
    {
      "width": 12,
      "type": "body",
      "widgets": ["spaceSettingsNotificationWidgetInst"],
      "structure": "flat",
      "height": 300
    },
    {
      "width": 12,
      "type": "footer",
      "widgets": ["footerInst"],
      "structure": "flat",
      "height": 300
    }
  ],
  "pageType": "swmSettings",
  "isLayoutDisplayable": true,
  "pageDisplayName": "Shopper Wish List Profile",
  "displayName": "Wish List Profile Layout",
  "translations": [
    {
      "name": "Wish List",
      "language": "th"
    },
    {
      "name": "Lista-Desejos",
      "language": "pt_BR"
    },
    {
      "name": "收藏列表",
      "language": "zh_CN"
    },
    {
      "name": "Сп. баж. тов",
      "language": "uk"
    },
    {
      "name": "Профил на списък с жел. на клиент",
      "language": "bg"
    },
    {
      "name": "Ostja sooviloendi profiil",
      "language": "et"
    },
    {
      "name": "Pircēja vēlmju saraksta profils",
      "language": "lv"
    },
    {
      "name": "Ønskeliste",
      "language": "no"
    },
    {
      "name": "Pirkėjo pageidavimų sąrašo profilis",
      "language": "lt"
    },
    {
      "name": "Liste souhaits",
      "language": "fr_CA"
    },
    {
      "name": "Profil listă de dorinţe cumpărător",
      "language": "ro"
    },
    {
      "name": "ウィッシュ・リスト",
      "language": "ja"
    },
    {
      "name": "Profil seznama želja nakupovalca",
      "language": "sl"
    },
    {
      "name": "Список желаний",
      "language": "ru"
    },
    {
      "name": "Profil kupčevog popisa želja",
      "language": "hr"
    },
    {
      "name": "İstek Listesi",
      "language": "tr"
    },
    {
      "name": "Lista życzeń",
      "language": "pl"
    },
    {
      "name": "欲購清單",
      "language": "zh_TW"
    },
    {
      "name": "희망 목록",
      "language": "ko"
    },
    {
      "name": "Seznam přání",
      "language": "cs"
    },
    {
      "name": "Kívánságlista",
      "language": "hu"
    },
    {
      "name": "Λίστα επιθυμ.",
      "language": "el"
    },
    {
      "name": "Ønskeliste",
      "language": "da"
    },
    {
      "name": "Shopper Wish List Profile",
      "language": "en"
    },
    {
      "name": "Купац - профил листе жеља",
      "language": "sr"
    },
    {
      "name": "ملف تعريف قائمة رغبات المتسوق",
      "language": "ar"
    },
    {
      "name": "Wunschzettel",
      "language": "de"
    },
    {
      "name": "Kupac - profil liste želja",
      "language": "sr_Latn"
    },
    {
      "name": "Lista deseos",
      "language": "es"
    },
    {
      "name": "Perfil llista desitjos comprador",
      "language": "ca"
    },
    {
      "name": "Liste souhaits",
      "language": "fr"
    },
    {
      "name": "Prodil Daftar Keinginan Pembeli",
      "language": "id"
    },
    {
      "name": "El. desiderata",
      "language": "it"
    },
    {
      "name": "Profil Senarai Hajat Pembeli",
      "language": "ms"
    },
    {
      "name": "Shopper Wish List Profile",
      "language": "en_GB"
    },
    {
      "name": "Hồ sơ DSMH muốn mua của KH",
      "language": "vi"
    },
    {
      "name": "Verlanglijst",
      "language": "nl"
    },
    {
      "name": "Önskelista",
      "language": "sv"
    },
    {
      "name": "Lista Prefer.",
      "language": "pt"
    },
    {
      "name": "Toivomuslista",
      "language": "fi"
    }
  ],
  "sites": []
}