{
  "pageTarget": "default",
  "defaultPage": true,
  "regions": [
    {
      "width": 12,
      "type": "header",
      "widgets": [
        "notificationsInst",
        "headerWidgetInst",
        "megaMenuInst_v5"
      ],
      "structure": "flat",
      "height": 300
    },
    {
      "width": 12,
      "type": "footer",
      "widgets": ["footerInst"],
      "structure": "flat",
      "height": 300
    }
  ],
  "pageType": "home",
  "isLayoutDisplayable": true,
  "pageDisplayName": "Home",
  "displayName": "Home Layout",
  "translations": [
    {
      "name": "หน้าหลัก",
      "language": "th"
    },
    {
      "name": "Início",
      "language": "pt_BR"
    },
    {
      "name": "主页",
      "language": "zh_CN"
    },
    {
      "name": "Домашня",
      "language": "uk"
    },
    {
      "name": "Начало",
      "language": "bg"
    },
    {
      "name": "Avaleht",
      "language": "et"
    },
    {
      "name": "Sākums",
      "language": "lv"
    },
    {
      "name": "Hjem",
      "language": "no"
    },
    {
      "name": "Pagr.",
      "language": "lt"
    },
    {
      "name": "Accueil",
      "language": "fr_CA"
    },
    {
      "name": "Home",
      "language": "ro"
    },
    {
      "name": "ホーム",
      "language": "ja"
    },
    {
      "name": "Domov",
      "language": "sl"
    },
    {
      "name": "Домой",
      "language": "ru"
    },
    {
      "name": "Početna",
      "language": "hr"
    },
    {
      "name": "Giriş",
      "language": "tr"
    },
    {
      "name": "Start",
      "language": "pl"
    },
    {
      "name": "首頁",
      "language": "zh_TW"
    },
    {
      "name": "홈",
      "language": "ko"
    },
    {
      "name": "Domů",
      "language": "cs"
    },
    {
      "name": "Kezdőlap",
      "language": "hu"
    },
    {
      "name": "Αρχική",
      "language": "el"
    },
    {
      "name": "Start",
      "language": "da"
    },
    {
      "name": "Home",
      "language": "en"
    },
    {
      "name": "Почетна",
      "language": "sr"
    },
    {
      "name": "الرئيسية",
      "language": "ar"
    },
    {
      "name": "Home",
      "language": "de"
    },
    {
      "name": "Početna",
      "language": "sr_Latn"
    },
    {
      "name": "Inicio",
      "language": "es"
    },
    {
      "name": "Inici",
      "language": "ca"
    },
    {
      "name": "Accueil",
      "language": "fr"
    },
    {
      "name": "Beranda",
      "language": "id"
    },
    {
      "name": "Home",
      "language": "it"
    },
    {
      "name": "Utama",
      "language": "ms"
    },
    {
      "name": "Home",
      "language": "en_GB"
    },
    {
      "name": "Chủ",
      "language": "vi"
    },
    {
      "name": "Begin",
      "language": "nl"
    },
    {
      "name": "Hem",
      "language": "sv"
    },
    {
      "name": "Pág. Pr.",
      "language": "pt"
    },
    {
      "name": "Koti",
      "language": "fi"
    }
  ],
  "sites": []
}