{
  "pageTarget": "default",
  "defaultPage": false,
  "regions": [
    {
      "width": 12,
      "type": "header",
      "widgets": [
        "notificationsInst",
        "headerWidgetInst",
        "megaMenuInst_v5"
      ],
      "structure": "flat",
      "height": 300
    },
    {
      "width": 12,
      "type": "body",
      "widgets": ["returnsWebContentInst"],
      "structure": "flat",
      "height": 300
    },
    {
      "width": 12,
      "type": "footer",
      "widgets": ["footerInst"],
      "structure": "flat",
      "height": 300
    }
  ],
  "pageType": "article",
  "isLayoutDisplayable": true,
  "pageAddress": "returns",
  "pageDisplayName": "Returns",
  "displayName": "Returns Layout",
  "translations": [
    {
      "name": "สินค้าส่งคืน",
      "language": "th"
    },
    {
      "name": "Devoluções",
      "language": "pt_BR"
    },
    {
      "name": "退货",
      "language": "zh_CN"
    },
    {
      "name": "Повернення",
      "language": "uk"
    },
    {
      "name": "Връщане",
      "language": "bg"
    },
    {
      "name": "Tagastused",
      "language": "et"
    },
    {
      "name": "Atgriešanas",
      "language": "lv"
    },
    {
      "name": "Returer",
      "language": "no"
    },
    {
      "name": "Grąžinimai",
      "language": "lt"
    },
    {
      "name": "Retours",
      "language": "fr_CA"
    },
    {
      "name": "Returnări",
      "language": "ro"
    },
    {
      "name": "返品",
      "language": "ja"
    },
    {
      "name": "Vračila",
      "language": "sl"
    },
    {
      "name": "Возвраты",
      "language": "ru"
    },
    {
      "name": "Povrati",
      "language": "hr"
    },
    {
      "name": "İadeler",
      "language": "tr"
    },
    {
      "name": "Zwroty",
      "language": "pl"
    },
    {
      "name": "退貨",
      "language": "zh_TW"
    },
    {
      "name": "반환",
      "language": "ko"
    },
    {
      "name": "Vráceno",
      "language": "cs"
    },
    {
      "name": "Visszaküld.",
      "language": "hu"
    },
    {
      "name": "Επιστροφές",
      "language": "el"
    },
    {
      "name": "Returnering",
      "language": "da"
    },
    {
      "name": "Returns",
      "language": "en"
    },
    {
      "name": "Повраћаји",
      "language": "sr"
    },
    {
      "name": "المرتجعات",
      "language": "ar"
    },
    {
      "name": "Retouren",
      "language": "de"
    },
    {
      "name": "Povraćaji",
      "language": "sr_Latn"
    },
    {
      "name": "Devoluciones",
      "language": "es"
    },
    {
      "name": "Devolucions",
      "language": "ca"
    },
    {
      "name": "Retours",
      "language": "fr"
    },
    {
      "name": "Pengembalian",
      "language": "id"
    },
    {
      "name": "Restituzioni",
      "language": "it"
    },
    {
      "name": "Pengembalian",
      "language": "ms"
    },
    {
      "name": "Returns",
      "language": "en_GB"
    },
    {
      "name": "Hàng t.lại",
      "language": "vi"
    },
    {
      "name": "Retouren",
      "language": "nl"
    },
    {
      "name": "Returer",
      "language": "sv"
    },
    {
      "name": "Devoluções",
      "language": "pt"
    },
    {
      "name": "Palautukset",
      "language": "fi"
    }
  ],
  "layoutViewports": "xs,sm,md,lg",
  "sites": []
}