{
  "availableToAllPages": true,
  "config": {"requiredLinks": [
    "home",
    "aboutUs",
    "returns",
    "shipping",
    "contactUs",
    "privacy",
    "wishlist"
  ]},
  "global": false,
  "globalEnabled": false,
  "i18nresources": "footer",
  "imports": [],
  "javascript": "footer",
  "jsEditable": false,
  "minWidth": 1,
  "source": 100,
  "translations": [
    {
      "language": "th",
      "name": "ส่วนท้าย"
    },
    {
      "language": "pt_BR",
      "name": "Rodapé"
    },
    {
      "language": "zh_CN",
      "name": "页脚"
    },
    {
      "language": "uk",
      "name": "Ниж. кол."
    },
    {
      "language": "bg",
      "name": "Дол.колон."
    },
    {
      "language": "et",
      "name": "Jalus"
    },
    {
      "language": "lv",
      "name": "Kājene"
    },
    {
      "language": "no",
      "name": "Bunntekst"
    },
    {
      "language": "lt",
      "name": "Poraštė"
    },
    {
      "language": "fr_CA",
      "name": "Pied page"
    },
    {
      "language": "ro",
      "name": "Subsol"
    },
    {
      "language": "ja",
      "name": "フッター"
    },
    {
      "language": "sl",
      "name": "Noga"
    },
    {
      "language": "ru",
      "name": "Ниж.колон."
    },
    {
      "language": "hr",
      "name": "Podnožje"
    },
    {
      "language": "tr",
      "name": "Alt Bilgi"
    },
    {
      "language": "pl",
      "name": "Stopka"
    },
    {
      "language": "zh_TW",
      "name": "表尾"
    },
    {
      "language": "ko",
      "name": "바닥글"
    },
    {
      "language": "cs",
      "name": "Zápatí"
    },
    {
      "language": "hu",
      "name": "Lábléc"
    },
    {
      "language": "el",
      "name": "Υποσέλιδο"
    },
    {
      "language": "da",
      "name": "Sidefod"
    },
    {
      "language": "en",
      "name": "Footer"
    },
    {
      "language": "sr",
      "name": "Подножје"
    },
    {
      "language": "ar",
      "name": "عنوان سفلي"
    },
    {
      "language": "de",
      "name": "Footer"
    },
    {
      "language": "sr_Latn",
      "name": "Podnožje"
    },
    {
      "language": "es",
      "name": "Pie de página"
    },
    {
      "language": "ca",
      "name": "Peu pàgina"
    },
    {
      "language": "fr",
      "name": "Pied de pg"
    },
    {
      "language": "id",
      "name": "Footer"
    },
    {
      "language": "it",
      "name": "Piè pagina"
    },
    {
      "language": "ms",
      "name": "Pengaki"
    },
    {
      "language": "en_GB",
      "name": "Footer"
    },
    {
      "language": "vi",
      "name": "Chân trang"
    },
    {
      "language": "nl",
      "name": "Voettekst"
    },
    {
      "language": "sv",
      "name": "Sidfot"
    },
    {
      "language": "pt",
      "name": "Rodapé"
    },
    {
      "language": "fi",
      "name": "Alatunn."
    }
  ],
  "version": 1,
  "widgetFamily": "footer",
  "widgetType": "footer"
}