{
  "pageTarget": "default",
  "defaultPage": true,
  "regions": [
    {
      "width": 12,
      "type": "header",
      "widgets": [
        "notificationsInst",
        "headerWidgetInst",
        "megaMenuInst_v5"
      ],
      "structure": "flat",
      "height": 300
    },
    {
      "width": 12,
      "type": "footer",
      "widgets": ["footerInst"],
      "structure": "flat",
      "height": 300
    }
  ],
  "pageType": "signup",
  "isLayoutDisplayable": false,
  "pageDisplayName": "Sign up",
  "displayName": "Home",
  "translations": [
    {
      "name": "ลงทะเบียน",
      "language": "th"
    },
    {
      "name": "Inscrever-se",
      "language": "pt_BR"
    },
    {
      "name": "注册",
      "language": "zh_CN"
    },
    {
      "name": "Реєстрація",
      "language": "uk"
    },
    {
      "name": "Записване",
      "language": "bg"
    },
    {
      "name": "Registreeru",
      "language": "et"
    },
    {
      "name": "Reģistrēties",
      "language": "lv"
    },
    {
      "name": "Registrering",
      "language": "no"
    },
    {
      "name": "Prisireg.",
      "language": "lt"
    },
    {
      "name": "S'inscrire",
      "language": "fr_CA"
    },
    {
      "name": "Înregistrare",
      "language": "ro"
    },
    {
      "name": "サイン・アップ",
      "language": "ja"
    },
    {
      "name": "Vpis",
      "language": "sl"
    },
    {
      "name": "Подписка",
      "language": "ru"
    },
    {
      "name": "Registracija",
      "language": "hr"
    },
    {
      "name": "Kaydol",
      "language": "tr"
    },
    {
      "name": "Rejestracja",
      "language": "pl"
    },
    {
      "name": "註冊",
      "language": "zh_TW"
    },
    {
      "name": "등록",
      "language": "ko"
    },
    {
      "name": "Přihlášení",
      "language": "cs"
    },
    {
      "name": "Feliratkozás",
      "language": "hu"
    },
    {
      "name": "Εγγραφή",
      "language": "el"
    },
    {
      "name": "Tilmeld dig",
      "language": "da"
    },
    {
      "name": "Sign up",
      "language": "en"
    },
    {
      "name": "Регистровање",
      "language": "sr"
    },
    {
      "name": "تسجيل الدخول",
      "language": "ar"
    },
    {
      "name": "Registrieren",
      "language": "de"
    },
    {
      "name": "Registrovanje",
      "language": "sr_Latn"
    },
    {
      "name": "Registrarse",
      "language": "es"
    },
    {
      "name": "Registrar-se",
      "language": "ca"
    },
    {
      "name": "S'inscrire",
      "language": "fr"
    },
    {
      "name": "Daftar",
      "language": "id"
    },
    {
      "name": "Iscrizione",
      "language": "it"
    },
    {
      "name": "Daftar",
      "language": "ms"
    },
    {
      "name": "Sign up",
      "language": "en_GB"
    },
    {
      "name": "Đăng ký",
      "language": "vi"
    },
    {
      "name": "Aanmelden",
      "language": "nl"
    },
    {
      "name": "Skapa konto",
      "language": "sv"
    },
    {
      "name": "Inscrever-se",
      "language": "pt"
    },
    {
      "name": "Rekisteröidy",
      "language": "fi"
    }
  ],
  "sites": []
}