{
  "availableToAllPages": true,
  "config": {
    "fixed": true,
    "timeout": "5",
    "timeoutEnabled": true
  },
  "global": false,
  "globalEnabled": false,
  "i18nresources": "notifications",
  "imports": [],
  "javascript": "notifications-widget",
  "jsEditable": false,
  "minWidth": 1,
  "source": 100,
  "translations": [
    {
      "language": "th",
      "name": "การแจ้ง"
    },
    {
      "language": "pt_BR",
      "name": "Notificações"
    },
    {
      "language": "zh_CN",
      "name": "通知"
    },
    {
      "language": "uk",
      "name": "Сповіщення"
    },
    {
      "language": "bg",
      "name": "Известия"
    },
    {
      "language": "et",
      "name": "Teatised"
    },
    {
      "language": "lv",
      "name": "Paziņojumi"
    },
    {
      "language": "no",
      "name": "Varsler"
    },
    {
      "language": "lt",
      "name": "Pranešimai"
    },
    {
      "language": "fr_CA",
      "name": "Avis"
    },
    {
      "language": "ro",
      "name": "Înştiinţări"
    },
    {
      "language": "ja",
      "name": "通知"
    },
    {
      "language": "sl",
      "name": "Obvestila"
    },
    {
      "language": "ru",
      "name": "Уведомления"
    },
    {
      "language": "hr",
      "name": "Obavijesti"
    },
    {
      "language": "tr",
      "name": "Bildirimler "
    },
    {
      "language": "pl",
      "name": "Powiadomienia"
    },
    {
      "language": "zh_TW",
      "name": "通知"
    },
    {
      "language": "ko",
      "name": "통지"
    },
    {
      "language": "cs",
      "name": "Oznámení"
    },
    {
      "language": "hu",
      "name": "Értesítések"
    },
    {
      "language": "el",
      "name": "Ειδοποιήσεις"
    },
    {
      "language": "da",
      "name": "Underretninger "
    },
    {
      "language": "en",
      "name": "Notifications"
    },
    {
      "language": "sr",
      "name": "Обавештења"
    },
    {
      "language": "ar",
      "name": "الإخطارات"
    },
    {
      "language": "de",
      "name": "Benachrichtigungen"
    },
    {
      "language": "sr_Latn",
      "name": "Obaveštenja"
    },
    {
      "language": "es",
      "name": "Notificaciones"
    },
    {
      "language": "ca",
      "name": "Notificacions"
    },
    {
      "language": "fr",
      "name": "Notifications"
    },
    {
      "language": "id",
      "name": "Pemberitahuan"
    },
    {
      "language": "it",
      "name": "Notifiche"
    },
    {
      "language": "ms",
      "name": "Pemberitahuan"
    },
    {
      "language": "en_GB",
      "name": "Notifications"
    },
    {
      "language": "vi",
      "name": "Thông báo"
    },
    {
      "language": "nl",
      "name": "Meldingen"
    },
    {
      "language": "sv",
      "name": "Meddelanden"
    },
    {
      "language": "pt",
      "name": "Notificações"
    },
    {
      "language": "fi",
      "name": "Ilmoitukset"
    }
  ],
  "version": 1,
  "widgetFamily": "notifications",
  "widgetType": "notifications"
}