{
  "pageTarget": "default",
  "defaultPage": true,
  "regions": [
    {
      "width": 12,
      "type": "header",
      "widgets": [
        "notificationsInst",
        "headerWidgetInst",
        "megaMenuInst_v5"
      ],
      "structure": "flat",
      "height": 300
    },
    {
      "width": 12,
      "type": "body",
      "widgets": ["customerProfileInst_v5"],
      "structure": "flat",
      "height": 300
    },
    {
      "width": 12,
      "type": "footer",
      "widgets": ["footerInst"],
      "structure": "flat",
      "height": 300
    }
  ],
  "pageType": "profile",
  "isLayoutDisplayable": true,
  "pageAddress": "profile",
  "pageDisplayName": "My Profile",
  "displayName": "Profile Layout",
  "translations": [
    {
      "name": "โปรไฟล์ของฉัน",
      "language": "th"
    },
    {
      "name": "Meu perfil",
      "language": "pt_BR"
    },
    {
      "name": "我的配置文件",
      "language": "zh_CN"
    },
    {
      "name": "Мій профіль",
      "language": "uk"
    },
    {
      "name": "Моят профил",
      "language": "bg"
    },
    {
      "name": "Minu profiil",
      "language": "et"
    },
    {
      "name": "Mans profils",
      "language": "lv"
    },
    {
      "name": "Min profil",
      "language": "no"
    },
    {
      "name": "Mano profilis",
      "language": "lt"
    },
    {
      "name": "Mon profil",
      "language": "fr_CA"
    },
    {
      "name": "\nProfil propriu",
      "language": "ro"
    },
    {
      "name": "自分のプロファイル",
      "language": "ja"
    },
    {
      "name": "Moj profil",
      "language": "sl"
    },
    {
      "name": "Мой профиль",
      "language": "ru"
    },
    {
      "name": "Moj profil",
      "language": "hr"
    },
    {
      "name": "Profilim",
      "language": "tr"
    },
    {
      "name": "Mój profil",
      "language": "pl"
    },
    {
      "name": "我的設定檔",
      "language": "zh_TW"
    },
    {
      "name": "내 프로파일",
      "language": "ko"
    },
    {
      "name": "Můj profil",
      "language": "cs"
    },
    {
      "name": "Saját profil",
      "language": "hu"
    },
    {
      "name": "Το προφίλ μου",
      "language": "el"
    },
    {
      "name": "Min profil",
      "language": "da"
    },
    {
      "name": "My Profile",
      "language": "en"
    },
    {
      "name": "Мој профил",
      "language": "sr"
    },
    {
      "name": "ملف تعريفي",
      "language": "ar"
    },
    {
      "name": "Mein Profil",
      "language": "de"
    },
    {
      "name": "Moj profil",
      "language": "sr_Latn"
    },
    {
      "name": "Mi perfil",
      "language": "es"
    },
    {
      "name": "El meu perfil",
      "language": "ca"
    },
    {
      "name": "Mon profil",
      "language": "fr"
    },
    {
      "name": "Profil Saya",
      "language": "id"
    },
    {
      "name": "Profilo pers.",
      "language": "it"
    },
    {
      "name": "Profil Saya",
      "language": "ms"
    },
    {
      "name": "My Profile",
      "language": "en_GB"
    },
    {
      "name": "Hồ sơ của tôi",
      "language": "vi"
    },
    {
      "name": "Mijn profiel",
      "language": "nl"
    },
    {
      "name": "Min profil",
      "language": "sv"
    },
    {
      "name": "Perfil Pessoal",
      "language": "pt"
    },
    {
      "name": "Oma profiili",
      "language": "fi"
    }
  ],
  "sites": []
}