{
  "pageTarget": "default",
  "defaultPage": false,
  "regions": [
    {
      "width": 12,
      "type": "header",
      "widgets": [
        "notificationsInst",
        "headerWidgetInst",
        "megaMenuInst_v5"
      ],
      "structure": "flat",
      "height": 300
    },
    {
      "width": 12,
      "type": "body",
      "widgets": ["shippingWebContentInst"],
      "structure": "flat",
      "height": 300
    },
    {
      "width": 12,
      "type": "footer",
      "widgets": ["footerInst"],
      "structure": "flat",
      "height": 300
    }
  ],
  "pageType": "article",
  "isLayoutDisplayable": true,
  "pageAddress": "shipping",
  "pageDisplayName": "Shipping",
  "displayName": "Shipping Layout",
  "translations": [
    {
      "name": "การจัดส่ง",
      "language": "th"
    },
    {
      "name": "Remessa",
      "language": "pt_BR"
    },
    {
      "name": "配送",
      "language": "zh_CN"
    },
    {
      "name": "Поставка",
      "language": "uk"
    },
    {
      "name": "Доставка",
      "language": "bg"
    },
    {
      "name": "Saatmine",
      "language": "et"
    },
    {
      "name": "Sūtīšana",
      "language": "lv"
    },
    {
      "name": "Frakt",
      "language": "no"
    },
    {
      "name": "Siuntimas",
      "language": "lt"
    },
    {
      "name": "Expédition",
      "language": "fr_CA"
    },
    {
      "name": "Expediere",
      "language": "ro"
    },
    {
      "name": "出荷",
      "language": "ja"
    },
    {
      "name": "Pošiljanje",
      "language": "sl"
    },
    {
      "name": "Отгрузка",
      "language": "ru"
    },
    {
      "name": "Otprema",
      "language": "hr"
    },
    {
      "name": "Sevkiyat",
      "language": "tr"
    },
    {
      "name": "Wysyłka",
      "language": "pl"
    },
    {
      "name": "出貨",
      "language": "zh_TW"
    },
    {
      "name": "배송",
      "language": "ko"
    },
    {
      "name": "Doprava",
      "language": "cs"
    },
    {
      "name": "Szállítás",
      "language": "hu"
    },
    {
      "name": "Αποστολή",
      "language": "el"
    },
    {
      "name": "Forsendelse",
      "language": "da"
    },
    {
      "name": "Shipping",
      "language": "en"
    },
    {
      "name": "Испорука",
      "language": "sr"
    },
    {
      "name": "الشحن ",
      "language": "ar"
    },
    {
      "name": "Versand",
      "language": "de"
    },
    {
      "name": "Isporuka",
      "language": "sr_Latn"
    },
    {
      "name": "Envío",
      "language": "es"
    },
    {
      "name": "Enviament",
      "language": "ca"
    },
    {
      "name": "Expédition",
      "language": "fr"
    },
    {
      "name": "Pengiriman",
      "language": "id"
    },
    {
      "name": "Spedizione",
      "language": "it"
    },
    {
      "name": "Penghantaran",
      "language": "ms"
    },
    {
      "name": "Shipping",
      "language": "en_GB"
    },
    {
      "name": "Giao hàng",
      "language": "vi"
    },
    {
      "name": "Verzending",
      "language": "nl"
    },
    {
      "name": "Frakt",
      "language": "sv"
    },
    {
      "name": "Expedição",
      "language": "pt"
    },
    {
      "name": "Lähetys",
      "language": "fi"
    }
  ],
  "layoutViewports": "xs,sm,md,lg",
  "sites": []
}