{
  "pageTarget": "default",
  "defaultPage": true,
  "regions": [
    {
      "width": 12,
      "type": "header",
      "widgets": [
        "overlayedGuidedNavigationInst",
        "notificationsInst",
        "headerWidgetInst",
        "megaMenuInst_v5",
        "breadcrumbInst_v3"
      ],
      "structure": "flat",
      "height": 300
    },
    {
      "width": 12,
      "id": "popupStackSearchResultsInst",
      "type": "body",
      "widgets": [],
      "structure": "stack",
      "height": 300
    },
    {
      "width": 12,
      "type": "footer",
      "widgets": ["footerInst"],
      "structure": "flat",
      "height": 300
    }
  ],
  "pageType": "searchResults",
  "isLayoutDisplayable": true,
  "pageDisplayName": "Search Results",
  "displayName": "Search Results Layout",
  "translations": [
    {
      "name": "ผลการค้นหา",
      "language": "th"
    },
    {
      "name": "Resultados pesquisa",
      "language": "pt_BR"
    },
    {
      "name": "搜索结果",
      "language": "zh_CN"
    },
    {
      "name": "Результати пошуку",
      "language": "uk"
    },
    {
      "name": "Резултати от търсене",
      "language": "bg"
    },
    {
      "name": "Otsingutulemid",
      "language": "et"
    },
    {
      "name": "Meklēšanas rezultāti",
      "language": "lv"
    },
    {
      "name": "Søkeresultater",
      "language": "no"
    },
    {
      "name": "Paieškos rezultatai",
      "language": "lt"
    },
    {
      "name": "Résultats recherche",
      "language": "fr_CA"
    },
    {
      "name": "Rezultate căutare",
      "language": "ro"
    },
    {
      "name": "検索結果",
      "language": "ja"
    },
    {
      "name": "Rezultati iskanja",
      "language": "sl"
    },
    {
      "name": "Результаты поиска",
      "language": "ru"
    },
    {
      "name": "Rezultati pretrage",
      "language": "hr"
    },
    {
      "name": "Arama Sonuçları",
      "language": "tr"
    },
    {
      "name": "Wyniki wyszukiwania",
      "language": "pl"
    },
    {
      "name": "搜尋結果",
      "language": "zh_TW"
    },
    {
      "name": "검색 결과",
      "language": "ko"
    },
    {
      "name": "Výsledky hledání",
      "language": "cs"
    },
    {
      "name": "Találatok",
      "language": "hu"
    },
    {
      "name": "Αποτελ. αναζήτησης",
      "language": "el"
    },
    {
      "name": "Søgeresultater",
      "language": "da"
    },
    {
      "name": "Search Results",
      "language": "en"
    },
    {
      "name": "Резултати претраге",
      "language": "sr"
    },
    {
      "name": "نتائج البحث",
      "language": "ar"
    },
    {
      "name": "Suchergebnisse",
      "language": "de"
    },
    {
      "name": "Rezultati pretrage",
      "language": "sr_Latn"
    },
    {
      "name": "Resultados búsqueda",
      "language": "es"
    },
    {
      "name": "Resultats de la cerca",
      "language": "ca"
    },
    {
      "name": "Résultats recherche",
      "language": "fr"
    },
    {
      "name": "Hasil Pencarian",
      "language": "id"
    },
    {
      "name": "Risultati ricerca",
      "language": "it"
    },
    {
      "name": "Hasil Carian",
      "language": "ms"
    },
    {
      "name": "Search Results",
      "language": "en_GB"
    },
    {
      "name": "Kết quả tìm kiếm",
      "language": "vi"
    },
    {
      "name": "Zoekresultaten",
      "language": "nl"
    },
    {
      "name": "Sökresultat",
      "language": "sv"
    },
    {
      "name": "Resultados Pesquisa",
      "language": "pt"
    },
    {
      "name": "Hakutulokset",
      "language": "fi"
    }
  ],
  "sites": []
}