{
  "pageTarget": "default",
  "defaultPage": false,
  "regions": [
    {
      "width": 12,
      "type": "header",
      "widgets": [
        "notificationsInst",
        "headerWidgetInst",
        "megaMenuInst_v5"
      ],
      "structure": "flat",
      "height": 300
    },
    {
      "width": 12,
      "type": "body",
      "widgets": ["privacyPageWebContentInst"],
      "structure": "flat",
      "height": 300
    },
    {
      "width": 12,
      "type": "footer",
      "widgets": ["footerInst"],
      "structure": "flat",
      "height": 300
    }
  ],
  "pageType": "article",
  "isLayoutDisplayable": true,
  "pageAddress": "privacy",
  "pageDisplayName": "Privacy",
  "displayName": "Privacy Layout",
  "translations": [
    {
      "name": "สิทธิส่วนตัว",
      "language": "th"
    },
    {
      "name": "Privacidade",
      "language": "pt_BR"
    },
    {
      "name": "隐私",
      "language": "zh_CN"
    },
    {
      "name": "Конфіденцій.",
      "language": "uk"
    },
    {
      "name": "Поверит.",
      "language": "bg"
    },
    {
      "name": "Privaatsus",
      "language": "et"
    },
    {
      "name": "Privātums",
      "language": "lv"
    },
    {
      "name": "Personvern",
      "language": "no"
    },
    {
      "name": "Privatumas",
      "language": "lt"
    },
    {
      "name": "Confident.",
      "language": "fr_CA"
    },
    {
      "name": "Confidenţ.",
      "language": "ro"
    },
    {
      "name": "プライバシ",
      "language": "ja"
    },
    {
      "name": "Zasebnost",
      "language": "sl"
    },
    {
      "name": "Конфиденц.",
      "language": "ru"
    },
    {
      "name": "Privatnost",
      "language": "hr"
    },
    {
      "name": "Özel",
      "language": "tr"
    },
    {
      "name": "Prywatność",
      "language": "pl"
    },
    {
      "name": "隱私權",
      "language": "zh_TW"
    },
    {
      "name": "개인 정보 보호",
      "language": "ko"
    },
    {
      "name": "Soukromí",
      "language": "cs"
    },
    {
      "name": "Adatvédelem",
      "language": "hu"
    },
    {
      "name": "Απόρρητο",
      "language": "el"
    },
    {
      "name": "Beskyttelse",
      "language": "da"
    },
    {
      "name": "Privacy",
      "language": "en"
    },
    {
      "name": "Приватност",
      "language": "sr"
    },
    {
      "name": "الخصوصية",
      "language": "ar"
    },
    {
      "name": "Datenschutz",
      "language": "de"
    },
    {
      "name": "Privatnost",
      "language": "sr_Latn"
    },
    {
      "name": "Privacidad",
      "language": "es"
    },
    {
      "name": "Privacitat",
      "language": "ca"
    },
    {
      "name": "Vie privée",
      "language": "fr"
    },
    {
      "name": "Privasi",
      "language": "id"
    },
    {
      "name": "Privacy",
      "language": "it"
    },
    {
      "name": "Privasi",
      "language": "ms"
    },
    {
      "name": "Privacy",
      "language": "en_GB"
    },
    {
      "name": "Bảo mật",
      "language": "vi"
    },
    {
      "name": "Privacy",
      "language": "nl"
    },
    {
      "name": "Sekretess",
      "language": "sv"
    },
    {
      "name": "Privacidade",
      "language": "pt"
    },
    {
      "name": "Tietosuoja",
      "language": "fi"
    }
  ],
  "layoutViewports": "xs,sm,md,lg",
  "sites": []
}